{
  "bg": 146, 
  "temp": "absolute", 
  "snoozeBG": 102, 
  "recieved": true, 
  "predBGs": {
    "IOB": [
      146, 
      138, 
      131, 
      124, 
      118, 
      112, 
      107, 
      103, 
      100, 
      97, 
      95, 
      94, 
      93, 
      92, 
      92, 
      92, 
      92, 
      93, 
      94, 
      95, 
      96, 
      97, 
      98, 
      100, 
      101, 
      102, 
      103, 
      104, 
      105, 
      106, 
      107, 
      107, 
      108, 
      108, 
      108, 
      108, 
      109
    ]
  }, 
  "reason": "COB: 0, Dev: 9, BGI: -9.13, ISF: 68, Target: 103; Eventual BG 102 < 103, Snooze BG 102, 26m@-0.750 = -0.325 < req -0.02-0.22499999999999998", 
  "rate": 0.675, 
  "COB": 0, 
  "eventualBG": 102, 
  "timestamp": "2016-11-18T15:05:00.091689", 
  "duration": 30, 
  "tick": -5, 
  "IOB": 0.78
}