{
  "bg": 142, 
  "temp": "absolute", 
  "snoozeBG": 111, 
  "recieved": true, 
  "predBGs": {
    "IOB": [
      142, 
      141, 
      141, 
      140, 
      139, 
      138, 
      136, 
      135, 
      134, 
      132, 
      131, 
      130, 
      128, 
      127, 
      126, 
      125, 
      125, 
      124, 
      124, 
      123, 
      123, 
      123, 
      123, 
      123, 
      123, 
      123, 
      123, 
      123, 
      123, 
      124, 
      124, 
      124, 
      125, 
      125, 
      125, 
      126
    ]
  }, 
  "reason": "COB: 0, Dev: -4, BGI: 0.51, ISF: 84, Target: 113; Eventual BG 111 < 113, 29m@-0.475 = -0.230 < req -0.047505938242280284-0.1425", 
  "rate": 0.375, 
  "COB": 0, 
  "eventualBG": 111, 
  "timestamp": "2016-11-17T06:37:47.961973", 
  "duration": 30, 
  "tick": -1, 
  "IOB": 0.316
}